,username,address
0,Jasmine Cox,"Unit 6014 Box 6278
DPO AE 75261"
1,Jermaine Mann,"611 Deborah Crossroad Suite 733
Myersshire, GU 26299"
2,Kelsey Fletcher,"01515 Thompson Key
Phillipsfort, VA 61868"
3,Philip Howard,"9097 Tracy Wells
Stephensbury, AR 21008"
4,Mark Dawson,"PSC 7904, Box 1856
APO AA 05275"
5,Keith Kirby,"23129 Chelsey Ways
Port Anthony, OK 62381"
6,Miranda Gomez,"637 Dixon Freeway Apt. 391
South Rachelport, IA 78322"
7,Jennifer Martin,"11593 Steven Plaza Apt. 054
North Jamie, MI 39426"
8,Joseph Washington,"6971 Davis Islands
Port Rebeccatown, AR 70915"
9,Dawn George,"513 Blake Trail Suite 567
North Brittanyville, NC 42043"
10,Martin Hess,"422 Conway Cove Apt. 539
Anneton, PW 33071"
11,Gerald Reyes,"USNS Dudley
FPO AP 30585"
12,Alyssa Marshall,"72436 Brandon Camp
Lopezberg, MS 99284"
13,Mr. Zachary Matthews Jr.,"6143 Scott Divide Apt. 236
Bellton, AK 39167"
14,Cameron Johns,"147 Castro Garden Apt. 345
Port Roseburgh, IL 15193"
15,Stephanie Ross,"1446 Johnson Cliffs
Port Jeffreyhaven, MD 35714"
16,Jason Smith,"705 Pearson Isle Apt. 885
New Derek, FL 55245"
17,Heather Huerta,"8045 Willie Centers Suite 143
Marshberg, PW 71715"
18,Kathleen Stephenson,"4035 Green Curve Apt. 082
New Heidi, MA 38939"
19,Brandon Thornton,"88636 Jennifer Flats
Jonesside, MN 63250"
20,Marc Ray,"15704 Dylan Mountain
Port Kellyshire, MO 02776"
21,Brandon Gilbert,"06896 Dana Prairie
Bradleyville, NJ 64635"
22,Kristopher Ortega,"5691 Sandra Estate Apt. 267
East Brittanyberg, WY 43680"
23,Jacob Morgan,"98993 Matthew Views
Port Jenniferfurt, SD 79483"
24,Jacob Miller,"16054 Mendez Plains Apt. 655
Normanbury, MT 22263"
25,Mark Frazier,"USNS Gray
FPO AP 81604"
26,Richard Weiss,"83363 Diaz Meadows Apt. 254
Port Jose, MH 43771"
27,Melissa Roberts,"96516 Stephens Brooks Suite 135
Stephenchester, IN 07327"
28,Robert King,"96566 Waters Square
North Allison, NH 71227"
29,Rita Bowman,"28840 Barker Greens
Crosbyfurt, NJ 20616"
30,Heather Pena,"8452 Kirsten Estate
West Kara, SD 25181"
31,Elijah Glover MD,"20607 Davis Pine Apt. 365
South Austin, PA 58404"
32,Bryan Perez,"916 Allen Springs
New Lori, MT 50202"
33,Erin Mack,"44168 Clayton Drive
Guerraport, TX 25932"
34,Justin Banks,"26996 Kristin Lakes Suite 935
New Krystal, AZ 10048"
35,Erica Allen,"637 Briana Locks Suite 755
South Kathyborough, GU 70021"
36,Patricia Ray,"5828 Cochran Hollow
Port Katherine, VT 41732"
37,Valerie Wise,"32340 Ayala Ways Suite 518
West Robert, GA 08789"
38,Michael Peterson,"177 Newton Rapids Suite 550
Suzannefurt, FM 14286"
39,Tiffany Miller,"883 Deanna Loaf Suite 147
Jennyview, NE 46048"
40,Nathan Figueroa,"338 Luis Manor
Hollandbury, UT 91114"
41,Kellie Harris,"9193 Carney Estate Apt. 575
Aliciamouth, TX 04085"
42,Gordon Morris,"USCGC Whitney
FPO AE 31032"
43,Billy Brown,"599 Ronald Glens Suite 847
West Blaketown, TN 94725"
44,James Thompson,"445 Sheri Plaza
East Williamberg, VA 30846"
45,Jason Bradley,"68393 Kimberly Fall Suite 800
Vegaville, NY 86175"
46,Joseph Payne,"70520 Smith Oval Apt. 222
North Carlosland, KS 94860"
47,Jessica Miller,"07252 Cody Islands Suite 131
New Shannon, MN 92091"
48,Mary Zimmerman,"9872 Alyssa Camp Apt. 383
Elainechester, AZ 79905"
49,Danielle Lin,"39140 Christine Oval
Gailberg, VA 57853"
50,Lori Elliott,"972 Gonzalez Underpass Suite 682
Walkerborough, PR 21364"
51,Christina Douglas,"42009 Ruben Flats Suite 888
Raymondfort, MT 31831"
52,Tammy Sheppard,"3701 Anthony Ville
Dominicshire, WY 83361"
53,Tammy Smith,"9761 Cruz Roads Suite 417
Shepherdberg, IL 84893"
54,Sharon Martinez,"Unit 0148 Box 3834
DPO AE 10381"
55,Adrian Hayes,"60159 Linda Street
Port Gary, ME 35618"
56,Eric Harper,"23354 Morrison Creek
Valerieburgh, KS 26463"
57,Teresa Fuller DDS,"56458 Lisa Pass Apt. 829
Kingbury, MN 97446"
58,Christine Sweeney,"USNS Clark
FPO AA 27439"
59,Bobby Hill,"24961 Karen Underpass Apt. 681
East Williamberg, TN 91782"
60,Jacob Caldwell,"7068 White Valleys Apt. 404
South Karen, OH 64495"
61,John Richardson,"0966 Anderson Islands Suite 926
East Timothy, NE 60542"
62,Megan Wallace,"14910 Hawkins Causeway
Jamesstad, CO 71041"
63,Destiny Dunn,"504 Edward Villages
Adamshaven, HI 57773"
64,Crystal Tate,"0542 Anthony Parks
West Carrie, NJ 22638"
65,Christopher Adams,"7139 Rowe Square
New Stacy, GU 52233"
66,Ricardo Adkins,"497 Chen Alley
East Marcus, TX 55102"
67,Julie Mcdonald,"52169 Torres Locks Apt. 194
Lake Andrea, HI 41392"
68,Tammy Price,"32845 Johnson Walk
West Nicoleside, CT 86308"
69,Robert King,"68334 Brittany Spurs Apt. 911
New Jesse, IA 48506"
70,Brittany Diaz,"54915 Gaines Rest Suite 544
North Christopher, IL 22797"
71,Luis Baker,"469 Osborne Crossroad Suite 663
Albertbury, PR 53332"
72,James Cherry,"568 Medina Corners Suite 525
North Vickieside, OH 23954"
73,Kayla Lawson,"27727 Joshua Gateway
New Lisahaven, OK 71045"
74,Sandy Miller,"9584 Forbes Path
Obrientown, WV 60280"
75,Emily Brown,"1972 Johnson Radial Apt. 278
Tonychester, IA 21744"
76,Jeffrey Alvarez,"3492 Caldwell Loop
Clementsstad, NC 16121"
77,Jessica Brown,"USNV Madden
FPO AE 03424"
78,Martin Rivera,"USCGC Gutierrez
FPO AP 20680"
79,Amy King,"Unit 3961 Box 9987
DPO AE 66661"
80,Maxwell Frey,"58327 Kristen Valley
Middletonport, MT 02858"
81,Thomas Mooney,"834 Tran Course
Pacemouth, DC 24929"
82,Diane Gonzalez,"59617 Heather Dale Apt. 287
North Christine, GU 04547"
83,Rebecca Campbell,"1382 Yolanda Crescent Suite 559
North Michael, FM 75455"
84,Amy Villarreal,"USS Faulkner
FPO AA 92248"
85,Ruth Evans,"324 Travis Shoal Suite 814
West Lisafurt, NJ 86916"
86,Lori Hardin,"71105 Lindsey Fords Suite 000
Christopherfort, SD 63185"
87,Susan Reid,"4920 James Ville
Darrylland, RI 60652"
88,Catherine Bryan,"747 Hale Valleys
Christopherborough, OK 68562"
89,Parker Garcia,"130 Tate Forest
Toddberg, VT 71534"
90,Wendy Arnold,"13750 Rivera Fords
West Wayne, RI 74874"
91,Cynthia Taylor,"11584 Vincent Oval
Whiteport, IL 18991"
92,Haley Carey,"60342 Jose Corners
East Gary, FM 81281"
93,Jessica Kelly,"41968 Woods Mills Apt. 336
Simmonschester, PW 91562"
94,Felicia Parker,"2427 Megan River
Port David, TN 67263"
95,William Johnson,"22713 Abigail Ferry Apt. 204
Brennanstad, TN 67823"
96,Dr. Christine Thomas,"5309 Smith Square
Berrychester, MO 73249"
97,Steven Howard,"6351 Diaz Cape
Sydneyport, PR 66357"
98,Michael Edwards,"1119 Michael Crest
East Claire, MH 43540"
99,Pamela Richards,"21971 Nielsen Lodge
Lake Michelle, OH 16819"
100,Jose Hall,"45836 Spencer Summit Apt. 043
New Mary, IA 26968"
101,Wesley Ross,"4742 Tony Mill
Johnsonfort, SC 01775"
102,Kevin Barrera,"53752 Anthony Village Suite 723
Port Eric, MP 53442"
103,Donna Lopez,"243 Sanchez Avenue
South Sarah, KY 42377"
104,Julie Leonard,"7856 Sullivan Burgs Suite 134
Erinville, OH 65899"
105,Alicia Hendricks,"188 Justin Glens Apt. 418
South Anna, CA 52441"
106,Adrienne Johnson,"035 Gomez Flats
Richardmouth, LA 76804"
107,Brenda White,"99171 Christine Rapid Apt. 051
New Jeffrey, TX 39886"
108,Jorge Greer,"6463 Lori Plains
Amyhaven, NH 08295"
109,Joseph Williams,"PSC 6509, Box 0355
APO AE 07495"
110,Matthew Cohen,"7170 Schroeder Lights Suite 674
Port Dennis, NC 51458"
111,David Powell,"517 Smith Fall Apt. 445
East Maryfurt, VA 26173"
112,Jaime Reid,"305 Knight Stream
Porterland, MS 26127"
113,Nancy Thompson,"10757 Alexis Rest
West Carol, TX 54358"
114,Jason Hall,"71645 Gregory Shoal Suite 692
Vickieside, TN 45525"
115,Shane Calhoun,"208 Thomas Station
Ericland, LA 69129"
116,Alexis Walker,"9718 Brendan Loop
Brittanyton, VT 25009"
117,Amanda Petersen DDS,"373 Bell Grove Suite 231
Lynchville, MD 15071"
118,Lee Cobb,"01718 Meyer Fort Suite 634
Powellfort, IA 72746"
119,Kristi Sullivan,"28982 Emily Orchard Suite 396
Jamestown, PA 93328"
120,Austin Wilson,"41405 Rubio Gardens
Brownborough, DE 01236"
121,Robert Little II,"8501 Frederick Ferry Apt. 247
Elizabethside, PA 75364"
122,Lindsey Kim,"412 Todd Route
Dennisport, SC 57370"
123,Ebony Campbell,"9508 Melinda Lodge Apt. 820
East Bethany, IA 83623"
124,Joshua Griffin,"197 Richard Stream
West April, WV 68997"
125,Sean Kane,"35839 Nguyen Keys Apt. 470
Baileychester, TN 71707"
126,Madison Coleman,"39196 Sellers Well Suite 160
East Steven, ND 15129"
127,Laura Williams,"46423 Martin Orchard
Michaelshire, UT 26441"
128,Crystal Baker,"94509 Luke Course Apt. 833
New Emily, MP 38942"
129,Mark Norman,"47752 Ryan Greens
South Ashley, WA 33458"
130,Jermaine Vargas,"63869 Livingston Ports Apt. 921
Port Lisa, HI 61277"
131,Jeff Brown,"6328 Mitchell Cape Apt. 348
Evanshaven, SC 43462"
132,Anne Mills,"521 Santiago Plaza
Frederickmouth, FL 99302"
133,Christina Chase,"09549 Bailey Tunnel
New Martinchester, MP 75008"
134,Michael Oliver,"4433 Jeffrey Ramp Apt. 774
Bowenstad, SD 30718"
135,William Gordon,"PSC 6712, Box 1207
APO AE 18035"
136,Joshua Cannon,"6417 Lopez Tunnel
Port Rebeccabury, MI 46626"
137,Daniel Jensen,"193 Robert Parkways Suite 920
Jessicamouth, KS 44622"
138,Adrienne Gonzalez,"20930 Gallegos Glen
Mcgeeborough, HI 52732"
139,Trevor Cole,"62283 Brian Squares
East Jacob, DE 07611"
140,Jason Robertson,"52371 Steele Keys
Jenniferton, FM 58643"
141,Christopher Good,"USNS Valencia
FPO AA 99950"
142,David Schmidt,"460 Reyes Coves Apt. 000
Ryanside, ID 16460"
143,Jessica Mckay,"13736 Mcintosh Isle Suite 778
North Rachelview, CO 97172"
144,Brian Sanchez,"0574 Andrea Rest Suite 951
South Martin, MA 53862"
145,Ashley Green,"USS Brewer
FPO AA 90376"
146,Tyler Webb,"3447 Bryant Oval
Williamsview, SD 66425"
147,Matthew Kim,"07731 Griffith Light Apt. 034
Rebeccamouth, NJ 55970"
148,Jeffrey Patrick,"63487 Samantha Dam
Connorborough, GU 72589"
149,Nicholas Ross,"77550 Solomon Cove
Grahamview, NY 35665"
150,Beth Lee,"USCGC Watkins
FPO AP 71392"
151,Lawrence Martinez,"2619 Caitlyn Falls
West Michael, MP 12635"
152,Tina Cruz,"7114 Chandler Flats Suite 120
West Rachelland, DC 03502"
153,Stephanie Schultz,"660 Marsh Glens Suite 841
Lake Jessica, ME 80780"
154,Brian Edwards,"599 Heather Green
Ryanstad, CA 21271"
155,Timothy Walker,"4672 Powers Lane Suite 872
Thompsonbury, AK 72450"
156,Tamara Garcia,"2004 Green Coves Apt. 133
North Billy, DE 77072"
157,Calvin White,"283 Madison Gateway Apt. 590
Port Michellefort, MD 95562"
158,Diana Kelly,"195 Tiffany Tunnel Suite 280
Lake Amandaburgh, VT 75307"
159,David Wilkins,"375 Johnson Turnpike
Fosterfurt, MN 18202"
160,Melissa Tyler,"124 Griffin Walk
Port Kevin, IN 41157"
161,Melissa Hill,"389 Pamela Mission Suite 654
Port Heathertown, NM 05404"
162,Lisa Lewis,"57578 Ronald Shoals
North Brandiport, AZ 00669"
163,Jessica Miller,"745 Theresa Course Suite 791
Vegamouth, AL 34809"
164,Cindy Harris,"76070 Nathan Unions
Lake Jessicaville, NJ 67414"
165,Terry Weaver,"69801 Isabel Stream
Johnsonburgh, CA 25981"
166,Mark Hayes,"52277 Kerr Walks
Port Katherine, NJ 53829"
167,Heather Clayton,"2133 Martin Oval Suite 558
West Thomas, MP 28599"
168,Juan Santiago,"3028 Hinton Tunnel Suite 262
Amyshire, TX 04310"
169,Mary Escobar,"Unit 4034 Box 3932
DPO AE 48236"
170,Jeffrey Lin,"8638 David Plain Apt. 160
East Debra, MD 25707"
171,Richard Gonzales,"073 Torres Keys
Campbellview, LA 48779"
172,Edward Snyder,"869 Anthony Burgs Apt. 229
East Danieltown, WY 60151"
173,Elizabeth Garcia,"5612 Warren Extensions Suite 098
Justinberg, IL 87770"
174,Lori Ramos,"994 Washington Stravenue Suite 612
Simsfurt, NM 13845"
175,Kim Martin,"Unit 7009 Box 7194
DPO AP 36205"
176,Terry Taylor,"USS Oneal
FPO AE 04606"
177,David Haley,"PSC 7901, Box 1559
APO AP 03518"
178,Katherine Rodriguez,"160 Gonzalez Glen Suite 136
New Stephanieberg, ME 21803"
179,Marissa Peters,"4733 Julie Highway Apt. 484
East John, GA 06393"
180,Julia Leach,"301 Wells Underpass
Sharonhaven, MS 31172"
181,Kevin Peters,"7318 Howell Ranch
East Mitchellburgh, ID 27424"
182,Sara Brennan,"69847 John Lake
Lake Daniellemouth, AR 56508"
183,Keith Atkinson,"Unit 2200 Box 9070
DPO AA 55324"
184,Nancy Hahn,"8487 David Lodge
Nicholashaven, MD 33374"
185,Gregory Patterson,"269 Greg Vista Apt. 064
Steeleland, GU 80102"
186,Dan Herrera,"2340 Bishop Field Apt. 840
Joshuaview, AS 65121"
187,Stacey Bauer,"35925 Snyder Cliffs
Monteschester, VA 32732"
188,Joseph Gray,"USNS Gibson
FPO AA 80830"
189,Christopher Green,"569 Alexander Valley Apt. 114
Port Michaelbury, NE 72764"
190,Joseph Williams,"6319 Timothy Drives
Lisafort, RI 37788"
191,Elizabeth Reed,"501 Wood Mission Apt. 551
Theresaton, MP 61895"
192,Scott Moreno,"751 Spears Dam Apt. 674
Klineport, OH 14585"
193,Heather Sanchez,"464 Daniel Roads
Sylviastad, TN 28316"
194,Nathan Wu,"575 Thomas Island
Andrewsfort, MI 56998"
195,Chad Lynch,"4907 Ashley Harbors Suite 130
North Lisastad, AR 03738"
196,Meagan Mccormick,"93435 Teresa Loaf
North Theresa, VA 56734"
197,Mckenzie Hartman,"Unit 6535 Box 6324
DPO AE 86798"
198,Betty Burgess,"9755 Kathy Drive
North Jamiefurt, PR 87814"
199,Robert Turner,"49394 Darrell Mountain Suite 958
Hillstad, SD 29997"
200,Megan Pearson,"5070 Wilson Passage Suite 170
Garciahaven, DE 26642"
201,Michael Espinoza,"PSC 7066, Box 3800
APO AE 48990"
202,Sheila Navarro,"99965 Leonard Street
Lake James, MD 35074"
203,Danielle Neal,"65466 Kevin Port
Port Lisaport, NJ 58491"
204,Tyler Montoya,"912 Lisa Track
Port Shannonborough, PA 87150"
205,Dr. Teresa Oliver,"07168 Myers Stream
Rebekahfort, ID 82590"
206,Kristin Hines,"58076 Greene Wall Apt. 268
Fergusonport, TN 12172"
207,Michael Wood,"PSC 0287, Box 0671
APO AA 61850"
208,Mark Duran,"806 Bullock Plains Suite 744
Port Teresaport, GA 03705"
209,Melanie Peters,"5603 Christensen Crest Apt. 526
Port Jesseville, WA 28895"
210,Jeremy Cohen,"87875 Norris View Suite 835
Lake Heather, FL 02407"
211,Ashley Parker,"0950 Carter Land Suite 350
Jessicamouth, WV 81880"
212,Martin Alvarez,"USCGC Brown
FPO AA 15548"
213,Richard Reese,"613 Roy Rapids
Greerview, PW 91912"
214,Crystal Allen,"53682 Hernandez Valley Apt. 042
Angelastad, SC 43011"
215,Deborah Lewis,"224 Jefferson Roads Suite 021
Samuelstad, MD 36165"
216,Michelle Stewart,"4898 Yang Green Apt. 644
Jimenezville, WI 62002"
217,Judy Baker,"07384 Acevedo Groves
Rhodesside, MT 63200"
218,John Marsh,"7273 Waller Rue Suite 590
Woodview, ND 45389"
219,Sharon Anderson,"7338 Anderson Manor
Sullivanland, NE 93765"
220,Amanda Ferrell,"490 James Curve
Gordonside, MD 99216"
221,Angela Harper DVM,"3053 Annette Villages
North Kimberly, AS 44482"
222,James Swanson,"22867 Rojas Drive
Danielland, MN 83083"
223,Carmen Drake,"60155 Mccann Ranch
Port Peterland, SC 32393"
224,Jacqueline Hernandez,"932 William Extensions Apt. 562
South Rebeccamouth, MT 86978"
225,Jesse Saunders,"533 Laurie Brook Suite 287
West Andrea, ND 38102"
226,Ann Thomas,"9451 Patricia Motorway
West Mary, IN 61348"
227,Timothy Heath,"8105 Mendez Bypass
Deborahberg, HI 49994"
228,Alyssa Finley,"63190 Bryan Path
East Tylerhaven, NY 50231"
229,Nathan Jones,"50137 Hernandez Pine Suite 590
Morganton, SC 08893"
230,Eric Davis,"06446 Patricia Mountain
Stewarttown, GU 76682"
231,Jill Nixon,"62025 Andrew Village
West Kristenville, HI 94901"
232,Jennifer Brewer,"2884 Lee Fork Suite 542
Curtisberg, NM 81658"
233,Gary Sanders,"7582 Erin Rue
West Andrewmouth, VA 34900"
234,Michael Wood,"265 Stewart Turnpike
East Maureen, NJ 41026"
235,Gabriel Coffey,"140 Andrew Inlet
East Alexandraberg, NV 31515"
236,Kristina Peterson,"23674 Brown Pass
Dominiqueland, OH 37758"
237,William Fuller,"5566 Thompson Turnpike
Williamstown, MP 52349"
238,Mrs. Caitlyn Mcfarland,"PSC 7318, Box 6901
APO AA 74097"
239,Sarah Lee,"Unit 9751 Box 8356
DPO AP 53321"
240,Angela Gordon,"4369 Kenneth Pines
Lake Lori, MI 88476"
241,Vanessa Davis,"0109 Kathy Expressway
Colemanshire, NH 11906"
242,Adam Mcdonald,"119 Martin Ford
Parksmouth, WA 59607"
243,Lauren Guzman,"28190 George Mall Suite 012
Brucetown, GU 35028"
244,Brandi Torres,"886 Patricia Lights Suite 593
Andersontown, NM 01741"
245,Mark Saunders,"33605 Hawkins Fort Apt. 278
East Douglasborough, NC 53305"
246,Terry Pierce,"3288 Patricia Wells Suite 999
Jeannetown, WI 77318"
247,Daniel Jones,"3337 Nicole Union Suite 838
Lake Randymouth, FL 16120"
248,Julia Smith,"14615 Kimberly Mission Apt. 706
Patriciaton, GU 68882"
249,Ashlee Hines,"74477 Natasha Lights
North Emily, NE 33273"
250,Stephanie Miller,"96618 Blake Squares Apt. 525
Dawnmouth, FL 12009"
251,Caitlin Nguyen,"6658 Jennifer Ports Apt. 575
Jillland, NY 23381"
252,Crystal Gross,"315 Brown Unions Suite 291
East Devinshire, AS 40731"
253,Kimberly Stevens,"5527 Herman Landing
North Robin, CA 89431"
254,Brandi Smith,"96012 Williams Brook Suite 371
East Savannah, NJ 74719"
255,Eric Hart,"7965 Burns Valley
East Laura, MA 59747"
256,Melinda Smith,"231 Crosby Place Apt. 111
Lake Courtneyberg, DC 01777"
257,Melissa Gonzalez MD,"802 Amanda Ville
Markberg, VA 31855"
258,Anthony Jimenez,"693 Reed Valley Apt. 246
East Benjamin, OK 71014"
259,Daniel Cruz,"481 Hunter Center
Katherineburgh, NH 01126"
260,Matthew Mckee,"35153 Briggs Light
Lake Mark, FM 30248"
261,Brandy Carter,"653 Garcia Mill
New Troyshire, PR 89496"
262,Joshua Warren,"49947 Christopher Lane
North Lisa, GA 07216"
263,Charles Horn,"3833 Ashley Centers
Calebfurt, VA 52682"
264,Casey Martinez,"USS Cameron
FPO AA 86674"
265,Linda Davis,"PSC 1320, Box 5384
APO AP 01911"
266,Tyler Andrews,"543 Gina Road Apt. 915
West Alisonmouth, WI 11276"
267,David Daniels,"680 Hall Light Apt. 652
New Lisa, UT 01875"
268,Anthony Bates,"73797 Andrew Spur
South Vernonton, GU 69403"
269,Amanda Morris,"5493 Strong Place Apt. 539
Port Kristopherfurt, SC 72988"
270,Richard Anderson,"3523 Tony Roads Apt. 966
Jordanview, NJ 75181"
271,Tammy Wright,"8635 Timothy Isle Suite 827
Tinaville, AR 02152"
272,Christopher Pierce,"USNV Petersen
FPO AP 30018"
273,Barbara Chavez,"425 Douglas Pike
East Travis, NC 52548"
274,Walter Smith,"87353 Gabriella Roads Apt. 160
Choiport, NE 18290"
275,Lindsay Green,"722 Roberts Green
Patrickland, OK 45079"
276,Heather Harris,"119 Frederick Spurs Apt. 788
East Tanya, IL 96861"
277,Michael Wilson,"515 Ryan Parks
Ianburgh, VI 35254"
278,Heather Hernandez,"410 Nelson Cliff
Lake Christinaberg, MA 85953"
279,Megan Williams,"51853 Edwin Knoll Apt. 336
North Amber, NV 05235"
280,Wendy Torres,"8086 Emily Manor Suite 370
Port Michael, TX 23569"
281,Seth Duncan,"432 Smith Forge
Port Cindymouth, DC 69031"
282,Richard Zamora,"7218 Connor Circle
Guzmanstad, GA 08870"
283,Jennifer Williams,"49752 Aguilar Lake
Kaylaside, IL 46329"
284,Michael Farrell,"65639 Gonzales Corner Apt. 550
South Justin, MO 79998"
285,Jessica Grant,"3109 Scott Hollow
Josephhaven, DE 11789"
286,Keith Kennedy,"0700 Doyle Parkways
Lake Jeffrey, MH 46905"
287,Jeff Cook,"869 Stacy Light
Alvarezview, KS 67276"
288,Caitlyn Garza,"3845 Bryant Point Apt. 167
Michealchester, SD 81353"
289,Nicole Wilson,"51188 Amber Cliff Suite 866
South Crystalfort, OK 90041"
290,Brian Leonard,"336 Steven Knoll
Lake Ann, DE 64780"
291,Michelle Torres,"9029 Erika Rapids
South Seanland, OK 63925"
292,Rachel Lee,"520 Karen Isle Apt. 740
Aaronstad, WV 16149"
293,Dr. Aaron Douglas,"970 Lopez Vista
Lake Yolanda, ID 27875"
294,Stephen Richards,"356 David Wells
Tracyhaven, NJ 03717"
295,Joel Estrada,"27933 Mark Shoal Apt. 855
Reynoldsfort, RI 32891"
296,Brent Gallagher,"USNV Gilmore
FPO AP 34204"
297,Molly Hall,"2263 Holly Locks
Cooperchester, OH 03861"
298,James Walters,"952 Jennifer Glens Suite 949
New Benjaminhaven, SC 57236"
299,Alyssa Murray,"831 Valerie Burg
Gomezburgh, WA 43866"
300,Timothy Huff,"8249 Merritt Ridges Apt. 490
Samanthaburgh, RI 97955"
301,Kevin Phillips,"2933 Joseph Flats Suite 798
Port Brandonview, MA 67769"
302,Melanie Hunter,"USNV Porter
FPO AA 96941"
303,Lindsay Ramos,"54670 Carter Pike Apt. 696
Lake Robert, NM 89702"
304,Elijah Greer,"360 Fisher Alley Apt. 220
Myerstown, MP 29348"
305,Trevor Guzman,"38032 Gibson Squares Apt. 386
Zacharyberg, VA 22846"
306,Brandon Montgomery,"3118 Benjamin Path
New Jason, VA 78578"
307,Brenda Vega,"79565 Charles Meadow Suite 888
New Jeffrey, DC 29252"
308,Robin Nelson,"3326 Julie Islands
Carterburgh, VA 16360"
309,Ruben Williams,"301 Moses Park Suite 296
Port Vincent, NE 84184"
310,Edgar Yang,"517 Branch Fords Apt. 247
Ryanborough, KS 05106"
311,Jill Rivera,"3581 Gutierrez Burg Suite 977
Thompsonfort, MH 66652"
312,Philip Gonzalez,"36177 Jennifer Fall Apt. 315
Chandlerview, OK 17324"
313,Jennifer Norman,"3025 Neal Camp Suite 170
Port Jenniferport, MP 98624"
314,Kenneth Curtis,"49522 Castro Fall Suite 645
Ianfurt, PR 33523"
315,Kathryn Parrish,"4443 Katherine Burg Suite 663
Baileyview, PW 39594"
316,Carrie Peters,"4821 Jeremy Meadows
Timothychester, OK 52390"
317,Chad Glover,"5066 Matthew Centers
Kaylastad, WY 33962"
318,Karl Price,"0345 Perry View Suite 954
South Christineton, IN 71291"
319,Jose Chambers,"599 Garcia Locks Apt. 981
Johnsonville, MA 97696"
320,Jennifer Martin,"4470 Amy Mission
Toddhaven, DE 44888"
321,Luis Green,"USS Ibarra
FPO AA 65308"
322,Amber Escobar,"14113 Bradley Fork Apt. 359
West Joseph, GA 44058"
323,Katherine Dennis,"6679 Kevin Fall
Hinesville, NC 29357"
324,Angela Williams,"Unit 4585 Box 0412
DPO AA 21128"
325,Susan Lee,"30116 Victor Lane Apt. 245
Lopezshire, RI 41535"
326,James Cline,"13232 Beck Orchard Suite 456
South Jeremyfurt, MP 58407"
327,Karen Pacheco,"3143 Becker Orchard Suite 692
Olsonfurt, MD 59514"
328,Noah Stewart,"74695 Tyler Summit
Leslieport, IL 15608"
329,Amy Boyd,"10017 Mallory Bypass Suite 242
Robinsonside, IN 57165"
330,Pamela Livingston,"931 Jeffrey Cove Suite 559
Port Michael, VA 79719"
331,Christopher Mueller,"8002 Joseph Island Suite 219
Port Philipborough, SD 45069"
332,Tonya Russell,"149 Palmer Hills Apt. 657
Mariaville, GA 51258"
333,Robert Watts,"541 Bruce Port
Patriciahaven, NM 80941"
334,George Smith,"PSC 2006, Box 9723
APO AP 64670"
335,Stephen Johnson,"373 Lindsay Lane
North Robert, ME 12044"
336,Christine Ortiz,"16145 Sanders Mews
Samanthahaven, NH 34248"
337,William Thompson,"6643 Thornton Keys
Port Sandraberg, MH 65476"
338,Sandra Alvarez,"7001 Vanessa Lights
Bennettport, RI 88707"
339,Julie Solomon,"0741 James Valleys Suite 364
Morrisonfurt, FL 39748"
340,Zachary Brandt,"81701 Robin Points
Monicaton, NY 00988"
341,Craig Jones,"7766 Padilla Ferry Suite 033
Paulafort, NJ 13713"
342,Philip Sampson,"792 Dixon Bridge Suite 430
East Mark, RI 68207"
343,Jerry Moore,"48880 Mark Trail Apt. 344
Reginafort, FL 71932"
344,Joanne Collins,"47979 Hernandez Ports
New Kathy, NY 95180"
345,Julie Sharp,"276 Deleon Meadows Apt. 625
Jackiefort, PA 14035"
346,Jasmine Thomas,"26422 Dickerson Stream
Mitchelltown, CT 77563"
347,James Johnson,"05002 Chris Mountain Suite 244
North Cynthia, KY 28833"
348,Eugene Summers,"02585 Richard Crossing Suite 358
South Samantha, TN 24552"
349,Mary Anderson,"1879 John Plaza
Ricemouth, MO 60924"
350,Cathy Hansen,"714 Logan Villages Apt. 723
Rossshire, KY 01963"
351,Robert Phillips,"PSC 8175, Box 6195
APO AA 78520"
352,Charles Medina,"693 Derrick Mountain Suite 274
Coreyland, ND 69145"
353,Kimberly Rios,"5966 Karen Keys
Rebeccaview, AS 51058"
354,Bruce Davis,"306 Brittany Drive Apt. 165
New Tonya, KS 03779"
355,Joseph Williams,"2340 Kristine Manors
Caitlinstad, ME 69878"
356,Jeffery Reyes,"60605 Krista Crossing Apt. 649
Garzaland, FL 96812"
357,Gregory Robinson,"PSC 0050, Box 1198
APO AE 63158"
358,Steven Martinez,"06154 Pratt Throughway
Steveville, FM 89120"
359,Joann Elliott,"3641 Matthew Knoll Suite 206
Port Jonathan, VI 89023"
360,Rose Lee,"723 Dwayne Mountains
New Francisco, MD 68109"
361,Melissa Pittman,"Unit 2813 Box 0800
DPO AE 89887"
362,Jason Howard,"70724 Jason Terrace Apt. 064
North Marieport, ND 34094"
363,Jane Hudson,"68701 Alison Glens Suite 238
Whiteberg, MO 05268"
364,Shawn Johnson,"304 Kimberly Crossroad
Port Anthony, NJ 49680"
365,Rebecca Perez,"37355 Carey Point Suite 193
Matthewmouth, FM 74177"
366,Christopher Leon,"740 Mcguire Station Suite 406
South David, AZ 78780"
367,Robert Chase,"931 Melissa Mews
North Marcus, OH 54423"
368,Christopher Baldwin,"46424 Carol Village Apt. 260
South Kathy, MN 92402"
369,James Hanson,"085 Villa Harbor
East Gregorytown, MA 70002"
370,Patricia Hogan,"243 Riddle Run
Robertton, KS 77610"
371,Jimmy Higgins,"86940 William Springs Suite 500
Wagnerborough, VI 28828"
372,Virginia Kent,"469 Cassidy Mountain
West Melanieborough, FM 44476"
373,Rodney Lucero,"7142 Sandra Throughway
Payneburgh, PW 27538"
374,Shelly Brooks,"6472 Camacho Junctions
Christopherhaven, OR 89641"
375,Sally West,"46360 Theresa Lodge
Dorothytown, DC 43342"
376,Kathleen Evans,"6031 Timothy Locks Suite 373
Robertview, AZ 88430"
377,Kimberly Gilbert,"91674 Jennifer Loaf Apt. 512
East John, AS 24476"
378,Henry White,"9464 Tonya Viaduct Apt. 533
New Christopherfort, GU 28225"
379,Joyce Nguyen,"PSC 3074, Box 7326
APO AP 44030"
380,Clifford Fowler,"927 Maurice Fork
Steventon, IL 05737"
381,Mark Lee,"444 Stone Tunnel
Carterview, KS 00517"
382,Larry Mcneil,"3762 Summer Inlet Suite 952
East Patricia, AR 70769"
383,Andrew Hernandez,"7156 Jason Rue Apt. 477
North Sandy, OH 67462"
384,Betty Brown,"Unit 9106 Box 8692
DPO AP 08331"
385,James Brown,"735 Elliott Gardens Apt. 232
Port Heather, WI 72528"
386,Amy Dunn,"3788 Russell Ford
Lake John, AS 57590"
387,Sharon Pacheco,"88469 Dean Expressway Suite 888
West Mariebury, OR 83346"
388,Dr. Amanda Soto DVM,"USNV Koch
FPO AE 56206"
389,Angela Gomez,"46781 Todd Extension
Kimberlystad, CA 22619"
390,Kevin Lane,"65192 Cory Parkway
North Davidhaven, AK 30040"
391,Nancy Blake,"2695 Sarah Mission Suite 635
South Jeanetteburgh, AK 77716"
392,Cristian Mcbride,"35466 Ann Greens
South Mallory, PA 78334"
393,Mary Gallagher,"380 Huang Way
Marshallton, FM 58626"
394,Alisha Mason,"USNV Graham
FPO AE 34263"
395,Adam Evans,"921 Gutierrez Square
Port Michelle, MS 42181"
396,Ryan Figueroa DVM,"53547 Richard Bypass
Mirandaport, GA 33800"
397,Katherine Walker,"9832 Allen Islands Suite 746
Wilkersonstad, IN 96160"
398,Gregory Anderson,"PSC 9738, Box 2609
APO AE 69773"
399,Christina Johnson,"8047 Casey Pass Suite 446
North Bradport, CT 27450"
400,Henry Frank,"312 Bradley Parkway
Wongburgh, MO 37656"
401,Morgan Lynch,"08567 Henderson Causeway
Lake Denise, AL 09893"
402,Cheryl Nelson,"92943 Phillips Bridge
Anthonyville, NY 85525"
403,Michelle Ryan,"308 Dawson Oval Apt. 245
Fletcherborough, AZ 75095"
404,Tammy Rogers,"9991 Curtis Harbor
Jacobsland, PR 05540"
405,Robert Ray,"66640 Reynolds Trail
South Ericview, FM 30544"
406,Samuel Banks,"6707 Steven Field Apt. 078
Jamesfurt, WI 74437"
407,Christopher Ortiz,"07745 Michael Lake
South John, PW 62387"
408,Steven Colon,"22599 Mark Tunnel
Lake Kathyborough, MH 77447"
409,Anthony Miller,"4580 Schultz Prairie
Port Trevorville, NY 66794"
410,Lisa Williams,"078 Morrison Shore
Sandrastad, UT 46850"
411,Christopher Jones,"9961 Gregory Hills Suite 820
Brownburgh, FM 08479"
412,Amy Riddle,"92183 Hamilton Alley Suite 423
Mitchellfort, NM 84305"
413,Katherine Bell,"04319 Thompson Expressway
Port Veronica, GU 08913"
414,Kayla Pope,"0244 Cobb Groves Apt. 031
Sheltonmouth, PW 10621"
415,Thomas Wright,"14861 Crystal Garden Apt. 735
Lauratown, OR 99805"
416,Bryan Mendez,"7628 Kristin Shores Apt. 742
West Kyle, NH 12126"
417,Ronald Adams,"USNS Evans
FPO AE 99473"
418,Jeanne Holmes,"20731 Susan Plaza
Sharpland, IN 13288"
419,Destiny Stewart,"9157 Hubbard Trace Suite 362
Port Elizabeth, DC 79617"
420,Dr. Austin Oconnell,"331 Patel Passage
Jonberg, NV 76981"
421,Patricia Nelson,"138 John Mountain
Virginiashire, WV 55885"
422,Gary Sanchez,"PSC 6972, Box 9045
APO AA 15979"
423,Jonathan Browning,"02974 Amanda Walk Suite 095
East Christopherport, GU 13003"
424,Michael Gomez,"575 Lisa Light Suite 180
Briantown, TX 41514"
425,Ann Brown,"75320 Marshall Meadow
Smithfurt, TX 48668"
426,Michael Wilson,"640 Stephanie Freeway Suite 278
Lake Bryan, WA 68668"
427,Carrie Smith,"4343 Cynthia Wells Apt. 649
Port Tonyaton, NV 61569"
428,William Jones,"USNV King
FPO AA 02605"
429,Robert Love,"0865 Marquez Drives
Lake James, AK 40592"
430,Jordan Neal,"1840 Ruiz Ramp Suite 959
West Jenniferside, CO 29837"
431,Heather Smith,"565 Miles Plains
East Marco, CT 50578"
432,Jonathan Henderson,"3579 Stanley Drive
South Ryanmouth, IL 69952"
433,Barbara Flynn,"4267 Dakota Valleys Apt. 038
Chaseshire, DC 72670"
434,Diane Bender,"60422 Matthew Mountains
Moorestad, TX 11966"
435,Kelly Henry,"460 Moran Road
Lake Andrea, TX 56933"
436,Nicholas Spencer,"PSC 2443, Box 7883
APO AP 15580"
437,Kyle Graham,"836 Travis Lakes
Lisaborough, AK 54716"
438,Autumn Howard,"22656 Bailey Lakes Apt. 585
Robertsonland, MI 68538"
439,Harry Foster,"Unit 7415 Box 9516
DPO AE 00661"
440,Nicholas Barnes,"8149 Leah Valleys Suite 723
North Danielleberg, WI 16678"
441,Ricky Lopez,"2372 Andrews Cliff
West Susanmouth, HI 53231"
442,Patrick Levine,"980 Suzanne Lane
Christineport, LA 36657"
443,Theresa Simpson,"915 Davis Landing Apt. 529
Campbellland, IA 73359"
444,Melissa Morgan,"61560 Morales Expressway
New Tyler, HI 65875"
445,Craig Le,"9963 Victor Park
Wallacehaven, PR 69990"
446,Richard Lewis,"373 Davis Route Suite 691
North Brett, IN 51247"
447,Michael Chaney,"087 Alexander Turnpike Apt. 150
Lake Jessicashire, IA 83061"
448,Jeremiah Munoz,"435 Jeffery Gardens Suite 448
Hicksbury, NH 34795"
449,Richard Gonzales,"05358 Marshall Junctions Suite 321
Nielsenfort, KY 73075"
450,Noah Knight,"USCGC Jackson
FPO AP 50642"
451,Sara Johnson,"570 Hernandez Creek
New Penny, IA 63706"
452,Nicholas Franklin,"8499 Derek Green Apt. 000
Evansberg, LA 22193"
453,Evelyn Nelson,"2035 Isabella Port Apt. 182
Jeffview, AS 58037"
454,Anthony Grant,"2454 Jessica Squares Apt. 791
North Tylerfurt, ME 59453"
455,Anthony Jackson,"440 Torres Way
North Jenniferport, MS 05061"
456,Kathy Cardenas,"578 Sara Knolls
Lake Wanda, VT 99756"
457,Robert Hebert,"USCGC Erickson
FPO AA 35241"
458,Brenda Curtis,"32648 Samantha Walks
Mitchelltown, SD 34373"
459,Chelsea Diaz,"5756 Taylor Cliffs
New Mikeport, CT 09392"
460,Colin Wagner,"39326 Austin Isle
Smithchester, WV 87593"
461,Chris Ryan,"8456 Gina Camp
South Zachary, OR 69280"
462,Ashley Johnston,"4448 Alejandro Parkway Suite 566
North Brittanyfurt, KY 28270"
463,Jason Taylor,"92220 Macias View Suite 138
New Johnmouth, AL 78698"
464,Kaitlyn Conrad,"Unit 2364 Box 4229
DPO AA 58790"
465,John Sanders,"65804 Peters Vista Apt. 864
Kingchester, UT 13747"
466,Robert Vazquez,"86719 Tiffany Prairie
West Josephburgh, NV 12245"
467,Sharon Petersen,"USCGC Reese
FPO AP 36954"
468,Kimberly Pearson,"162 Ray Mission Apt. 317
Bauerfurt, PW 17999"
469,Aaron Garcia,"2143 James Passage
South Louis, SC 24264"
470,Brian Ray,"032 Stewart Haven Suite 652
Port Timothy, MO 56534"
471,Christian Lopez,"93703 Alicia Cliffs Suite 980
Stephenview, CT 13317"
472,Austin Smith,"82817 Hampton Passage Suite 738
Stevensbury, CA 52952"
473,Kimberly Nguyen,"52610 Sullivan Keys
Alvinmouth, CO 46782"
474,Christina Thomas,"908 Atkins Corner Apt. 006
Wellsside, HI 72998"
475,Sheila Nelson,"93354 Robert Motorway
East Michael, PA 65477"
476,Kristin Zavala,"USCGC Hunter
FPO AE 96590"
477,Jeffrey Anderson,"63861 Combs Path
New Carolfurt, DE 61806"
478,Angela Chaney PhD,"5379 Sabrina Forges
Lake Keith, NM 75671"
479,Terry Hall,"7368 Hernandez Shoal
Williamsside, NJ 50364"
480,Stacey Reyes,"88639 Patrick Mountains
Port Jamesfort, NE 11687"
481,Michael Burns,"045 Debbie Stravenue Apt. 338
Andersonfurt, WV 04705"
482,Michael Patel,"270 Ward Road
New Dustinchester, CO 30633"
483,Jessica Moore,"9339 Meghan Ridges
West Brenda, VT 11870"
484,Robert Wilson,"Unit 5418 Box 4400
DPO AP 25467"
485,Ariana Douglas,"414 Meadows Vista Apt. 822
Russellstad, MN 89859"
486,Whitney Murray,"USCGC Rodriguez
FPO AE 00943"
487,Margaret Harmon,"98395 Jeffery Camp
Mcdonaldburgh, KS 27664"
488,Randall Anderson,"8370 Duncan Heights
South Richard, DC 21420"
489,Erika Pittman,"PSC 3764, Box 6275
APO AA 64802"
490,Terry Rhodes,"311 Jamie Drives
Lake Thomasmouth, NV 12219"
491,Alec Hernandez,"409 Stewart Center
Karenside, NE 52611"
492,Mr. Brian Jordan Jr.,"208 Stephen Passage
Abbottmouth, DE 39381"
493,Valerie Roach,"5710 Flowers Lodge Suite 720
Kennethfort, FM 59661"
494,Justin Peterson,"3320 Marilyn Shore Suite 346
East Lukechester, UT 01375"
495,Andrew Wilson,"PSC 0704, Box 2501
APO AA 77186"
496,James Clark,"64422 Schneider Meadows
Lake Amber, WY 26801"
497,Taylor Johnson,"Unit 0635 Box 4784
DPO AE 32945"
498,Kerry Ramos,"6587 Joel Park Apt. 866
East Amber, AK 06191"
499,Matthew Collins,"PSC 4127, Box 3389
APO AA 94507"
500,John Ross,"729 Christopher Summit
Vaughnbury, PA 03834"
501,Tiffany Mcintyre,"609 Jade Canyon Suite 593
Nathanielborough, NY 79334"
502,Jennifer Elliott,"28448 Kimberly Villages
North Ashleyfort, TN 19745"
503,Brendan Schwartz,"PSC 6358, Box 2190
APO AE 94283"
504,Sarah Sanchez DVM,"52227 Andrea Vista
North Scottton, OR 10763"
505,Elizabeth Dickerson,"2781 Jones Road
Phelpsberg, NY 16436"
506,Vincent Johnson,"76943 Timothy Mill Suite 839
Barnestown, SD 40994"
507,Victoria Khan,"4495 Wilkins Port Suite 157
East Amber, CT 13039"
508,Richard Alexander,"3286 Diaz Estates Apt. 180
Lynnberg, GU 62763"
509,Mark Williams,"481 Campbell Estates
New Jennifer, UT 59723"
510,Dylan Martinez,"5429 Ashley Lake Apt. 823
Morrowburgh, GU 97406"
511,Susan Lawrence,"941 Clark Via
New Allison, VA 01887"
512,Regina Melendez,"19101 Adams Point Suite 498
Port David, TX 50861"
513,Robert Gentry,"02761 Moore Lodge Apt. 570
Gabrielside, LA 59497"
514,Melissa Crawford,"433 Cooper Flat
North Jamesmouth, PA 49924"
515,Bryan Washington,"Unit 4416 Box 3397
DPO AA 31116"
516,Lisa Atkins,"79445 Hayes Rue Apt. 689
Scottside, SC 99216"
517,Connie Krause,"5496 Roberts Roads
Kaneview, MH 27706"
518,Sandra Murray,"8004 Davis Route
North Heathershire, CO 57858"
519,Tina Castillo,"203 Cross Via
Jonburgh, NY 35123"
520,Michael Miller,"7834 Charles Orchard
West Thomas, NJ 60532"
521,James Anderson,"397 Shaffer Park
Ramseyport, CO 46183"
522,Gabriel Montoya,"USCGC Allen
FPO AP 34315"
523,Chelsea Lee,"55427 Moore Spur Suite 624
West Brittanymouth, IL 43925"
524,Maria Wright,"PSC 0364, Box 7674
APO AP 77922"
525,Christopher Garcia,"29625 Key Mews
Jenniferchester, AR 97136"
526,Beth Moreno,"2012 Hawkins Neck
Lake Robertchester, MO 94111"
527,Joseph Green,"23135 Jasmine Manor
West Johnside, SC 60484"
528,Sarah Ramirez,"38271 Moore Shoals Apt. 236
Brookeland, KY 13521"
529,Kevin Caldwell,"378 Mcdonald Expressway
Briannaberg, ME 09550"
530,Matthew Wang,"037 Timothy Glens
East Alisonside, CT 23069"
531,Russell Higgins,"5006 Alisha Key
Johnside, MH 61251"
532,Edward Lee,"9283 Johnson Rapid
Petersonview, FL 06491"
533,Katherine Shaw MD,"1315 Anderson Flats Suite 237
Wandaport, MH 80782"
534,Rebecca Henson,"PSC 0037, Box 7031
APO AP 53587"
535,Tammy Lopez,"0644 Bailey Lodge
Pachecotown, DE 85135"
536,Anna Martinez,"711 Richard Lights
South Amberbury, SD 70238"
537,Timothy Serrano,"Unit 5028 Box 4770
DPO AA 35185"
538,Lori Harris,"82921 Nicole Center
Wilsonborough, WV 72092"
539,Kenneth Rodgers,"81505 Christine Expressway
Lake Kendra, KS 86557"
540,Jennifer Meyers,"776 Danielle Parkway
Port Brian, GU 25871"
541,Cynthia Thompson,"3154 Wong Extension
Patrickside, WA 08250"
542,Gloria Jones,"51670 Angela Locks
Lake Tiffany, MS 04889"
543,Jessica Parks,"92087 Theresa Forges
Port Danielle, WI 07402"
544,Jason Collins,"905 Sanchez Locks
Hoffmanport, PA 92304"
545,Trevor Perez,"573 Gamble Drives Apt. 372
Lake Cynthia, PW 97491"
546,Renee Williams,"77865 Baxter Shore Suite 760
Jenniferside, OR 66419"
547,Samantha Byrd,"6020 Carol Avenue Suite 147
New Dennis, NM 41832"
548,Tonya Bailey,"0671 Garcia Radial
East Monica, TX 40488"
549,Mary Nelson,"6982 Tami Crossing
Kellyview, NC 27442"
550,Christina Olson,"9009 Victor Branch
West Joseph, HI 74171"
551,Brandi Chambers,"32528 Harper Haven Apt. 310
Eatonmouth, WI 21609"
552,Daniel Clark,"771 Ricky Court Apt. 703
West Daniel, DC 21379"
553,Scott Brown,"174 Sandra Skyway Apt. 938
Jordanfort, SC 32831"
554,Michael Lawrence,"421 Atkinson Port
Lake Thomas, DE 90943"
555,Jonathan Garner,"347 Ramirez Turnpike
West Nicole, KS 69461"
556,Jasmine Jimenez,"176 Jill Isle Suite 557
Anthonytown, FM 50394"
557,Kristina Marsh,"130 Thompson Summit
Lestad, IN 51268"
558,Stephen Jordan,"USS Mcdonald
FPO AA 09186"
559,James Dixon,"6032 Angel Courts
Davidmouth, PA 76679"
560,Kyle Stafford,"02333 Rodriguez Common
South Jennifer, WY 36469"
561,Carolyn Todd,"Unit 6705 Box 3860
DPO AP 05625"
562,Breanna Barnes,"777 Brent Ports
North Dalton, KY 71571"
563,Jane Yoder,"45764 Ashley Manors
Port Maria, SC 31186"
564,Mark Jackson,"773 Ryan Inlet Apt. 881
Nashchester, MD 03125"
565,Dalton Anderson,"377 Brown Mountains Apt. 856
Jonathantown, OK 96387"
566,Sarah Patterson,"706 May Lights
West Lisa, OK 95217"
567,Kevin Smith,"14950 Victoria Turnpike Apt. 212
North Destiny, VT 37403"
568,Jessica Pope,"53905 Hernandez Ranch Apt. 472
North Samanthaland, PA 84364"
569,Ryan Oconnell,"7604 Amy Track
Bowenstad, NV 34217"
570,Michael Smith,"02709 Velez Forks
Lake Phillipview, HI 84226"
571,Karen Rose,"14111 Michelle Hills
Alvarezside, PR 76340"
572,Sara Medina,"14692 Morgan Common Suite 603
Port Sharihaven, WA 47927"
573,Stephanie Rivera,"07923 Annette Row
Lake Susanchester, VA 68137"
574,Angela Sexton,"163 Davis Throughway Suite 777
Christinafurt, CA 55126"
575,Jake Mccoy,"45388 Whitney Stravenue Apt. 887
New Michaelborough, MO 17825"
576,Mrs. Jennifer Bryant,"5773 Bautista Islands Apt. 856
Lake Richard, AR 78446"
577,Robert Baker,"62064 Katrina Falls Apt. 811
Perryhaven, IL 80345"
578,Roger Welch,"13552 Evelyn Ranch Suite 575
Port Walterland, VT 94170"
579,Jacqueline Williams,"8651 Colton Greens Suite 670
Lake Donaldfort, FM 97120"
580,Matthew Taylor,"06677 Bailey Centers Apt. 922
Port Rodneybury, NC 59626"
581,Debra Alvarez,"43965 Hensley Isle
Port Brittany, ND 17826"
582,Sean Mann,"419 Rogers Glen Apt. 443
Reedville, OK 61573"
583,Mrs. Kayla Pitts DVM,"509 White Plaza
Lake Regina, NY 31931"
584,Amber Norman,"672 Jones Greens
Tinaborough, ND 66972"
585,Yvonne Johnson,"PSC 0078, Box 1151
APO AA 34671"
586,Madison Fields,"02281 Amber Route Suite 894
Sandrastad, DE 67986"
587,Ashley Thompson,"909 Diane Locks Apt. 071
East Kyle, AK 56222"
588,Todd Roberts,"88210 Billy Court Suite 831
Port Megan, ME 71699"
589,Kenneth Cisneros,"093 Thomas Village Suite 554
East Karen, KY 58334"
590,Destiny Harris,"9425 Jackson Island Suite 922
Port Timothy, IN 04780"
591,Shannon Dean,"USNS Lee
FPO AA 39453"
592,Amber Olsen,"2581 Hannah Greens Suite 587
Port Shawn, RI 04378"
593,Samuel Eaton,"701 Gina Summit
Heathertown, TN 02064"
594,David Frederick,"707 Daniel Corner
South Frank, NH 90755"
595,Walter Shelton,"1357 Karen Summit
North Kristin, FM 51197"
596,Eddie Garcia,"Unit 6881 Box 5759
DPO AA 79303"
597,Andrew Wilson,"694 Brian Crossroad Suite 999
Mariahaven, AS 71729"
598,Adam Mason,"691 Shah Inlet Suite 057
East Susanfurt, KS 47226"
599,Darren Bell,"97660 Monroe Crossroad
Port Phillip, AS 84612"
600,Brittany Branch,"14766 Moore Dam
Westmouth, SD 67382"
601,Michael Williams,"340 Gomez Hill Suite 847
South Pamelastad, NH 43756"
602,Kathleen Gordon,"4676 Erickson Route Apt. 685
New Chris, VI 42787"
603,Dylan Rivera,"3714 Spencer Station Suite 713
Patriciahaven, NV 94938"
604,Jessica Williams,"9280 Ryan Lane Suite 789
West Margaretburgh, AK 13271"
605,Kimberly Johnson,"407 Dorsey Via
Brianstad, MP 73975"
606,Cynthia Johnson,"753 Lisa Lodge
Thomasshire, GA 00590"
607,Gloria Fields,"136 Mitchell Locks
Lake Rachelton, AL 48706"
608,David Brooks,"357 Day Track
Mcbridemouth, VA 70592"
609,Marvin Simpson,"57984 Terry Light Suite 440
Maryside, MT 03156"
610,Cody Gill,"61184 Hughes Courts
Kristenview, SC 12305"
611,Randall Andrews,"2247 Hunter Forks
Lake Michael, NH 08987"
612,Sarah Sandoval,"0409 Nicholas Mount
Jamesland, LA 78569"
613,Tom Calhoun,"81530 Hernandez Flat
Michaelmouth, GA 36031"
614,Sean Wiley,"9830 Romero Mount Suite 501
West James, PW 41776"
615,John Miller,"9349 Sarah Way Suite 547
New Meghan, MN 14569"
616,Tiffany Pearson,"010 Fox Prairie Suite 506
Hannahshire, HI 12557"
617,Joshua Lee,"08541 Sheila Path Suite 863
Baldwinland, ND 10499"
618,Lori Lara,"27675 Gould Turnpike
Port Luis, ME 78786"
619,Andrew Moody,"706 David Fall
Boydchester, NE 96996"
620,Edward Burns,"8237 Taylor Orchard
Stephenside, NC 89317"
621,Gloria Roach,"3658 Tyler Canyon
Williamstown, IA 08883"
622,Amber Graves,"714 Hughes Hills Suite 524
Sampsonberg, RI 13377"
623,Marco Jackson,"737 Munoz Key Suite 876
Ruizside, MA 41808"
624,Leah Hawkins,"3673 Cunningham Pike Apt. 327
Clarkmouth, DC 52552"
625,William Pope,"1138 Phelps Lake
Lake Shannon, TN 49436"
626,Arthur Guerra,"75409 Joshua Fields
Danielleview, MD 99095"
627,Jessica Harvey,"056 Cindy Center
Lake Sandraland, KS 77624"
628,Tammy Velazquez,"965 Bauer Corner
Simonmouth, CO 48613"
629,Charles Sloan,"149 Christine Gateway
Mollyside, NM 16720"
630,Amanda Bailey,"Unit 9076 Box 4471
DPO AP 37889"
631,Sierra Hays,"60564 Peters Route
West Michaelchester, MD 74708"
632,Alexandra Wilson,"1031 Jacob Rapid
South Edwardbury, NC 53949"
633,Ronald Perkins,"314 Holly Brook
Kristenland, MD 90058"
634,Kimberly Stevenson,"938 Justin Ramp
North Tammy, CT 47915"
635,Dennis Thompson,"624 Nolan Stravenue
Valerieborough, NH 61821"
636,Kevin Miller,"Unit 4494 Box 8446
DPO AP 47556"
637,Doris Berg,"9870 Miller Falls
New Bryan, PA 67131"
638,Joseph Fleming V,"47469 Dorothy Mountain Suite 572
West Kennethbury, TN 95576"
639,Candice Mcfarland,"98138 Jimmy Plains Apt. 082
Jarvismouth, NM 17272"
640,Jessica Rodriguez,"9560 Diana Corners
Holmesmouth, MA 57618"
641,Carl Gutierrez,"8867 Pierce Square Apt. 477
Lake Brad, WI 45223"
642,Amy Martin,"633 Jennifer Stream
East Juanview, CT 63809"
643,Shane Martin,"10295 Kristen Bridge Suite 233
West Joshuaside, WI 29706"
644,Adam Rivera,"788 Ashlee Falls
South Kyleport, NC 19778"
645,Jessica Edwards,"78075 Romero Place
New Dylanfurt, UT 94347"
646,Amanda Mueller,"4181 Thomas Glen
Wilsonburgh, MI 15163"
647,Jennifer Jones,"20171 Vincent Harbors
Jamesfurt, PR 53107"
648,Samantha Knapp,"7075 Michele Plains
Jacobfort, DE 19961"
649,Suzanne Jimenez,"5139 Benjamin Terrace
Port Stephenstad, LA 32439"
650,Tracy Lang,"3604 Benjamin Trafficway Suite 723
East William, AZ 82708"
651,Adam Travis,"31839 Wiley Causeway
Port Natalie, NY 03427"
652,Abigail Harris,"84627 Cox Springs Apt. 595
Port Brittanytown, NE 48969"
653,Jose Conner,"40786 Robinson Cove
Gibsonview, PR 98927"
654,Daniel Rodriguez,"794 Carol Divide Apt. 765
Crystalstad, FM 76527"
655,Carol Case,"3754 Thompson Rue
Christopherton, ID 84294"
656,Allison Rodgers,"344 Noble Avenue Suite 481
West Hector, ME 06103"
657,Victoria Ward,"6389 Curtis Isle Suite 706
New Kennethland, MT 52106"
658,Scott Mcdonald,"085 Wells Plain
Sandyfort, MT 61134"
659,Alexandra Johnson,"49833 Michael Garden Apt. 472
Katherineshire, PR 96299"
660,Peggy Murphy,"059 Moyer Crossing Apt. 712
Morsefort, NV 76690"
661,Erica Williams,"316 Brittany Locks Apt. 335
Charlesbury, GU 31641"
662,Evan Evans,"33693 Garcia Inlet Suite 263
Port Melissa, OK 40129"
663,Glenda Case,"639 Nichols Throughway
South Monicaport, NY 12973"
664,Jonathan Myers,"5948 Jennifer Forge Apt. 595
Benjaminview, GU 48140"
665,Michael Patel,"492 Courtney Gardens
Lake Courtney, AZ 74585"
666,Michael Wilcox,"803 Susan Springs Suite 201
West Margaretchester, ND 25524"
667,Nicholas Singh,"757 Knight Groves Suite 647
Josephbury, VT 68300"
668,Andrew Rogers,"592 Jeff Plain
Joannaview, KS 75573"
669,Anthony Hudson,"828 Chelsey Pine Apt. 320
Snyderville, NH 30982"
670,Mr. Andrew Fisher,"05698 Thomas Estate
Carrmouth, MT 58936"
671,James Clark,"62239 Karina Mountain Apt. 975
Lake Lauren, VI 49938"
672,Mario Collins,"3600 Matthew Greens
Staceytown, MD 44625"
673,Christopher Adkins,"3310 Tanya Haven
Nunezmouth, RI 07570"
674,Stephanie Fields,"0972 Gregory Turnpike Apt. 303
East Ronald, OR 67812"
675,Robert Jennings,"697 Jonathan Fort
Port Nathanburgh, RI 36520"
676,Mark Bell,"527 Jackson Crossroad
East Robyn, DE 09123"
677,Michael Wheeler,"7943 Romero Extension Suite 977
West Tyler, NY 40550"
678,Brian Gibbs,"055 Eric View Apt. 710
Stevensburgh, ID 10478"
679,Bernard Blackwell,"665 Webb Light Apt. 098
Jessicaborough, ID 03139"
680,Nicholas Carroll,"3271 Rowe Meadows Suite 408
Karenland, ND 24537"
681,Jennifer Walker,"66140 Jordan Fort Suite 826
Kathrynborough, NY 25361"
682,Christopher Bell,"280 Miles Ports
East Kristinemouth, ID 49636"
683,Stephanie Rogers,"3698 Shannon Highway Suite 255
Mitchellberg, NV 62669"
684,Benjamin Harris,"Unit 9922 Box 8577
DPO AP 08300"
685,Joshua Mcdaniel,"913 Williams Land
Port Shannon, GU 07052"
686,Amanda Waters,"949 Gregory Mills
West Kevinside, IL 65864"
687,Steven Johnson,"5573 Mary Point Suite 167
Jennifermouth, RI 96137"
688,Linda Nunez,"01379 Malone Prairie
Brianburgh, PA 05760"
689,Bryan Cannon,"1579 Hill Path Apt. 552
East Seanmouth, PA 87618"
690,Sherri Larsen,"5874 Jeffrey Dam Suite 991
Steeleville, DE 81839"
691,Samantha Griffin,"0602 Bryan Gateway Apt. 762
Carterview, MN 30553"
692,Colleen Stone,"0792 Amy Stream
North Zacharyborough, VT 10630"
693,Kevin Knight,"8447 Ashley Crest
Nicholasfort, CO 78816"
694,Kenneth Smith,"27470 Day Highway Apt. 403
South Tony, RI 69140"
695,Allison Kline,"113 Joseph Expressway Suite 956
Lake Joshua, DC 52997"
696,Kyle Williams,"15141 King Dam
South Carolinehaven, MN 57720"
697,Brandon Martinez,"128 Abbott Isle Apt. 209
New Brandon, NC 63480"
698,Alexandra Armstrong,"3137 Elizabeth Drives Apt. 023
North Catherine, PR 30138"
699,Isaac Moreno,"591 Hayes Bridge Apt. 703
Michelletown, KS 72571"
700,Brittany Hansen,"3064 Parsons Port Suite 176
Baileyport, WV 49258"
701,Robert Gonzalez,"095 Shelton Camp
Kennethburgh, IN 61519"
702,Paige Brown,"4570 Ortega Cliffs Apt. 660
Port Jillstad, CA 77648"
703,Tara Harris,"07750 Garrett Plain
East Ryanhaven, OK 37902"
704,Mark Bradford,"09506 Mendoza Circles
West Karabury, MT 89708"
705,Michael Washington,"4402 Maynard Gardens Suite 606
Vargasland, VI 32310"
706,Brady Sullivan,"4093 Smith Hill
West Larry, NM 26533"
707,Valerie Johns,"06854 Pamela Fort Apt. 771
Port Alexandrachester, ID 32334"
708,Richard Gordon,"706 Steele Bridge
New Crystalport, AK 58363"
709,Travis Thompson,"386 Karen Ports Apt. 835
Dixonberg, VA 92617"
710,Allison Escobar,"54541 Robert Brooks Suite 832
Amandaton, AL 19468"
711,Megan Howard,"261 Frederick Lakes
West Steven, UT 55896"
712,Amanda Scott,"146 Kelley Parks Suite 872
Andreafurt, VA 63893"
713,Daniel Perkins,"759 Jesse Via
Scottville, AS 31238"
714,John Gross,"5092 Joshua Plaza Suite 873
East Vincent, IN 52422"
715,Douglas Bradley,"54271 Owens Trail
New Anthony, IN 49455"
716,Carly Mitchell,"4352 Price Shore
East Teresaton, TX 89287"
717,Samantha Brown,"8132 Benitez Groves Apt. 129
North Kelli, OK 46826"
718,William Kirk,"6948 Anthony Walks Suite 737
Poolebury, NY 91071"
719,Richard Wong,"751 Linda Bypass Suite 969
Sarahside, ME 09308"
720,Jessica Peterson,"368 Jennifer Viaduct Suite 199
South Sharon, LA 09382"
721,Robert Carroll,"99190 Melissa Curve
East Philip, IL 74870"
722,Marissa Martin,"7958 Williams Bypass
South Isabella, WI 22905"
723,Lori Fernandez,"7481 Duncan Harbors Apt. 036
West Derekshire, OR 79536"
724,Paula Monroe,"417 Henderson Grove
West Sarah, HI 26234"
725,James Cisneros,"2388 Jennifer Shoal
Mariashire, ND 49221"
726,Stephen Yoder,"2889 Johnathan Union
West Jenna, TX 82828"
727,Matthew Hernandez,"5468 Munoz Glens
South Markshire, GA 44185"
728,Christine Sheppard,"812 Knox Squares
Lake Anthonymouth, NH 50687"
729,Daniel Underwood,"239 Douglas Run
West Gregory, AR 04483"
730,Tara Woods,"PSC 1856, Box 0802
APO AP 91861"
731,Randall Pittman,"29254 Foster Gateway
East Joel, ME 07728"
732,Aaron Frye,"732 Small Tunnel
Jessicabury, NC 34416"
733,David Norton,"949 Kaiser Shoal
Millerfurt, AL 82503"
734,Daniel Bowers,"1397 Theresa Stravenue
Patelbury, LA 22561"
735,Andrea Nichols,"055 Cobb Shoals Suite 610
East Christina, ND 40635"
736,Brooke Olsen,"17287 Fisher Path
Birdberg, GA 21299"
737,Cindy Jacobs,"7364 Vanessa Turnpike
Adamschester, HI 63802"
738,Amanda Lawrence,"5164 Vance Islands Apt. 019
Gutierrezmouth, NJ 55125"
739,Kathleen Brown,"08258 Torres Courts Apt. 576
Brownfort, NC 22037"
740,Bruce Scott,"230 Edwards Viaduct
New Rachel, KS 82222"
741,Mrs. Roberta Cole,"372 Barbara Manors
West Kennethfurt, KS 74842"
742,Pamela Hutchinson,"72546 Michael Manor
Lake Carolineland, NV 68721"
743,Connie Martinez,"220 Lisa Shore
South Luisside, CT 02054"
744,Lauren Wheeler,"5824 Elizabeth Fort
Youngmouth, FM 14938"
745,Julie Sullivan,"Unit 9404 Box 1586
DPO AP 43924"
746,Yolanda Fox,"4045 Oliver Cliffs
Pachecoburgh, CA 71573"
747,Janice Frazier,"6536 Ian Knolls
Justinview, NE 05990"
748,John Hardy,"6307 Andrew Prairie
Kennedyburgh, ME 54201"
749,Marie Phelps,"7635 Marsh Estates
North Kristen, TX 75898"
750,Andrew Guzman,"PSC 7734, Box 4039
APO AE 50564"
751,Connie Garcia,"75015 Newton Pines Suite 228
South Howard, OK 93021"
752,Alexandria Smith,"33785 Tapia Ramp
Christopherburgh, DE 88449"
753,Robert Tate,"490 Sharon Mountains
Brookemouth, VI 14473"
754,Susan Nolan,"2305 Alexis Street Suite 754
Jamieberg, MN 11876"
755,Lance Delacruz,"USNS Bradford
FPO AP 67823"
756,Jose Hutchinson,"0877 Edwards Stream Apt. 191
Bairdstad, PA 39064"
757,Rachel Sanders,"61074 Sandy Viaduct
Amandahaven, CA 20546"
758,Benjamin Walsh,"73466 Anne Manors Suite 815
Terrellport, PA 15768"
759,Angela Lambert,"5096 Mcdonald Bypass Apt. 161
Pottsstad, LA 31206"
760,Anna Yates,"230 Jones Cape
East Roger, IL 05409"
761,Mrs. Erika Carr,"69356 Griffin Squares
Crossstad, IN 94556"
762,John Moore,"142 Stephanie Trail Apt. 895
Herringland, SD 67789"
763,Michelle Wall,"59553 Shannon Rapid Apt. 541
New Andrewborough, WY 60469"
764,Richard Rush,"PSC 9441, Box 0296
APO AA 81747"
765,Angela Carroll,"529 Robert Tunnel Suite 974
Lake Sheryl, NY 28717"
766,Vicki Smith,"68701 William River Suite 310
North Jeffreyton, GA 37634"
767,Ashley Kidd,"065 Matthews Landing Apt. 067
New Michael, NJ 43433"
768,Dwayne Taylor,"622 Jeanne Meadows
Padillabury, DC 71032"
769,Danielle Bonilla,"96083 Burke Springs
Burgessmouth, VI 91887"
770,Richard Woodard,"938 Mitchell Mount
South Dakotamouth, SD 22525"
771,Curtis Miller,"8726 Fernandez Gateway Apt. 527
Amandahaven, FL 53782"
772,Mary Herman,"USS Wood
FPO AE 81467"
773,Scott Jenkins,"737 Mann Center
Sheriport, PR 73256"
774,Renee Johnson,"5607 Charles Mountains
Josechester, KY 59330"
775,Carrie Lewis,"2556 Teresa Shore Apt. 106
Hornville, NE 18056"
776,Robert Kelly,"984 Moss Stravenue
South Luis, WY 53608"
777,Aimee Martinez,"0984 Joanne Brook Suite 655
Westfort, KS 18824"
778,Kaitlin Freeman,"655 Shannon Corners
West Jessicaland, NC 23278"
779,Katelyn Reed,"77667 Daniel Extension Suite 733
Lake Brittney, RI 40876"
780,Justin Lee,"077 Eric Estates Apt. 350
Ericmouth, OH 38481"
781,Lisa Kidd,"892 Clarke Keys Apt. 272
Ericmouth, KY 33817"
782,Tony Kelley,"4779 Nathan Forge Apt. 089
Fordport, AL 30248"
783,Jonathan Hernandez,"26473 Wilson Viaduct
New Garyton, VA 32167"
784,Gina Alvarez,"USNV Houston
FPO AA 58136"
785,Dwayne Hill,"124 Bradley Mall
Port Roy, MT 60029"
786,Anthony Mccarthy,"331 King Corner
Tammyfort, IN 96917"
787,Carl Good,"3280 Amy Passage Suite 408
New Josephville, ID 70355"
788,Kimberly Lutz,"6223 Kimberly Divide Suite 413
South Annafort, OR 04988"
789,Julie Rosario,"12442 Ramirez Cliff
North Joshua, CO 86006"
790,Paul Jones,"4928 Michelle Bypass
Crossview, FM 31197"
791,Donna Flores,"34210 Moore Islands
Johnshire, AK 34304"
792,Catherine Mckay,"Unit 1108 Box 6835
DPO AP 47131"
793,Sandra Young,"2899 Allen Rue
Michaelshire, VA 78001"
794,Mark Vance,"2352 Laurie Vista
West Daltonmouth, NC 25001"
795,Shelby Harrell,"89404 Paul Locks
Port Elizabeth, NE 60779"
796,Terry Aguilar,"6924 Benjamin Landing Apt. 472
Richardsonchester, LA 43278"
797,Joel Perry,"23008 Edwards Manor Suite 894
East Ricardobury, PR 29830"
798,Donna Johnson,"48745 Myers Pike Apt. 890
Tuckermouth, SC 96797"
799,Justin Johnson,"9393 Judith Locks Suite 177
South Billyville, WY 39433"
800,Kimberly King,"46663 Price Shores
Lake Amy, NY 79612"
801,Leslie Woods,"2027 Smith Ridges
North Jerryshire, VT 71227"
802,Tammy Olson,"38808 Gary Tunnel Apt. 968
New Teresa, MH 34202"
803,Mikayla Harris,"2230 Jennifer Turnpike
Rosemouth, SD 34095"
804,Mr. Luis Brown,"49462 Simmons Garden Apt. 451
New Lindatown, PR 13019"
805,Michael Kirby,"1504 Anna Wall
Gonzalezland, AK 77082"
806,Amy Houston,"983 Kelly Vista
Port Emilyfort, OK 05639"
807,Brian Moran,"7196 Mora Shores Apt. 270
New Tannerton, MS 56276"
808,Jeffrey Schmitt,"4643 Alexander Ville Apt. 836
Powellland, DE 65239"
809,Mark Rogers,"673 Carter Ways
Williamsshire, AK 96861"
810,Chase Irwin,"506 Lewis Prairie Suite 886
Leonardfort, ND 90949"
811,John Gregory,"PSC 4295, Box 3917
APO AA 40854"
812,Jonathan Brown,"436 Gonzales Court
Lake Douglas, RI 06105"
813,William Campos,"80721 Jackie Summit
Brewershire, TN 30671"
814,Michael Newman,"684 Paul Manor
Fowlermouth, NC 47474"
815,Anthony Aguilar,"543 Julie Road Apt. 473
Carlaborough, ME 02455"
816,Michelle Williams,"49962 Zachary Valleys Apt. 844
New Edward, SD 54652"
817,Patricia Miller,"8075 Lori Villages
Froststad, IA 80652"
818,Cory Mccann,"959 Gail Fields
Port Jacqueline, MA 41774"
819,Janet Merritt,"655 Wong Lock
Johnnyside, TN 01986"
820,Joshua Hampton,"8589 Kylie Mount Apt. 447
East Jesse, DE 18366"
821,Gregory Goodman,"0588 Eric Falls Apt. 175
South Anthony, ME 33521"
822,Cindy Doyle,"3012 Davis Forest Apt. 147
Waltonburgh, PW 14960"
823,Melanie Robinson,"84997 Katherine Lake
Gregoryhaven, GA 34681"
824,John Clark,"395 Solomon Mount Suite 874
Port Richardchester, MD 03181"
825,Sarah Lee,"Unit 9302 Box 5975
DPO AE 70505"
826,Nicholas May,"12316 Melissa Mountains Apt. 292
Brandonside, NM 79340"
827,Carrie Morris,"538 Jason Street
Port Jenniferberg, CT 53104"
828,Keith Garrison,"7392 Jenkins Glens Apt. 544
Heathermouth, TN 94115"
829,Walter Jackson DDS,"2802 Zuniga Pine Apt. 324
North Vincentburgh, MT 61467"
830,Jessica Cruz DVM,"628 Mark Well Suite 766
Port Scottfort, SC 08150"
831,Michael Maldonado,"567 Snyder Prairie Apt. 862
North Vickiton, NE 92032"
832,Deborah Miller,"817 Heather Point Apt. 945
West Wesley, MO 30620"
833,John Mitchell,"581 Nathan Views
Marychester, CO 44470"
834,Phillip Rios,"255 Patricia Avenue
West Shannon, OH 97069"
835,Steven Patel DDS,"198 Daisy Brooks
Joshuaview, FL 80609"
836,Lisa Carson,"9249 Nicole Dam Suite 380
Valeriefurt, WY 34247"
837,Courtney Lozano,"94326 Little Ramp
South Michaelberg, NY 57637"
838,Christopher Wright,"9862 Kristin Stream Suite 377
South Stacytown, SC 86156"
839,Jessica Smith,"9427 Stewart Springs Apt. 314
Brittanyport, OK 34920"
840,Stephanie Lane,"29412 Crawford Motorway
Natalieberg, DC 24171"
841,Peter Burke,"104 Jeremy Crossing
East Anna, IN 73084"
842,James Foster,"5408 Cox Forest Suite 564
Lake Sandra, ID 86479"
843,Megan Parker,"746 Tracy Parkway Suite 129
West Eric, RI 76470"
844,Richard Mccoy,"1964 Samuel Stream
West John, MD 35347"
845,Christopher Banks,"30768 Joseph Neck Suite 762
Woodwardside, MH 47930"
846,Hannah Wood,"0569 Michael Falls Suite 713
Kyleside, DC 37131"
847,Janet Jackson,"525 Holt Bridge
Port Derrickville, VI 92166"
848,Mario Jones,"0006 Shane Ridges Suite 052
North Willie, IA 98977"
849,Monica Bailey,"2804 Allen Burg
South Tracymouth, ND 67542"
850,John Maddox,"10162 Katherine Summit
North Latashaborough, UT 99176"
851,Brandon Jones,"5091 Stephanie Ridge Apt. 899
Knappchester, VA 93626"
852,Louis Rodriguez,"47184 Lucas Inlet
Port Jonathan, MO 46930"
853,Nicholas Austin,"91910 Cole Villages
Davismouth, ME 20274"
854,Ian Davis,"3036 Guerrero Cove Apt. 551
Andersonfort, MA 73549"
855,Michael Obrien,"2864 Davis Drive Apt. 105
Larsenport, MO 44501"
856,Brandi Santos DDS,"97689 Payne Lodge Apt. 655
Mikeborough, AZ 44078"
857,Destiny Morgan,"62456 John Camp
South Jamesshire, OK 21921"
858,Jennifer Abbott,"12927 Joan Canyon Apt. 600
Shanefort, PA 44257"
859,Reginald Cobb,"1858 Flores Field Suite 145
Torrestown, IA 32120"
860,Wayne Garcia,"30505 Lynn Canyon
Port Brandonchester, SD 65422"
861,Jeffrey Anderson,"687 Daniels Fords Apt. 128
Taylorstad, TN 81939"
862,Amanda Matthews,"803 Kristen Via Suite 185
Vaughnshire, MP 08662"
863,Adam Hunt,"Unit 4066 Box 8571
DPO AA 69735"
864,John Myers,"4472 Smith Streets
North Stephanie, UT 89648"
865,Jillian Hill,"01422 Roach Spur
Macktown, OK 97370"
866,William Stafford,"1274 Daniel Gateway Suite 887
Fullerstad, MP 18003"
867,Kristina Rodriguez,"5125 Brady Ridge Apt. 994
Deborahton, UT 92479"
868,Christopher Salinas,"512 Frederick Estate Suite 839
Lake Donald, NM 82572"
869,Krystal Kennedy,"4892 Katherine Creek Suite 999
Wilsonside, WI 15591"
870,Katie House,"Unit 1563 Box 6224
DPO AA 19524"
871,Amanda Johnston,"56493 Smith Alley Apt. 595
Brooksside, TN 13821"
872,Wendy Ferrell,"Unit 0072 Box 5668
DPO AP 14415"
873,Anne Powell,"3366 Laura Hollow Apt. 020
Peterberg, DE 51047"
874,Renee Gillespie,"108 Smith Junction Apt. 436
Brittanyside, SC 14536"
875,Maria Hill,"86877 Duarte Rapid
Kimberlymouth, WA 22821"
876,Chris Austin,"76558 Walter Brook
Alexchester, AZ 27374"
877,Luis Spencer,"1382 Young Rest Apt. 664
Fisherton, RI 77351"
878,Stephanie Martin,"9048 Lisa Common
Lake Timothyberg, PA 94448"
879,Melissa Clark,"9500 Hodge Burg Apt. 920
Hillside, AZ 66755"
880,Christopher Perry,"4839 Warner Parkway
Matthewside, VA 91793"
881,Erica Wilson,"3749 Alexis Skyway Suite 362
West Julia, AK 21052"
882,William Roberts,"4938 Johnson Fort Suite 609
Noahfurt, MP 71426"
883,David Morris,"44973 Kimberly Meadow
New Barbaramouth, OH 56440"
884,David Wise,"125 Michael Glen
Lake Deanview, KS 44537"
885,Leah Bailey,"76937 Julie Gateway
New Jessicaport, FM 62790"
886,Harry Ward DVM,"6649 Sullivan Square
New Coleburgh, NJ 26729"
887,Kevin Parker,"3417 Dean Common Suite 677
Williamsport, UT 60844"
888,Michelle Simmons,"663 Brian Village
Rodneyshire, CO 16585"
889,Aaron Willis,"7574 Annette Island Suite 518
West Kelly, KY 46807"
890,Keith Williams,"108 Nichols Stravenue Apt. 633
Sandramouth, TX 40243"
891,Jasmine Malone,"541 Sloan Summit
Katelynstad, CT 99051"
892,Christopher Gonzalez,"074 Christopher Ford Apt. 316
Wernerfort, OR 49255"
893,Nancy Dyer,"89326 Elizabeth Gardens
Tarashire, GU 93467"
894,Jason Meza Jr.,"329 Leslie Vista
Burtonborough, MP 84857"
895,Zachary Sandoval,"72752 Banks Garden Apt. 460
Matthewfort, PW 67102"
896,Ashley Carlson,"010 Kelley Turnpike Suite 190
North Tonymouth, UT 65401"
897,Stacy Lee,"58903 Alexander Light Suite 944
Mooreshire, PW 06596"
898,Arthur Gordon,"80753 Clark Viaduct
Lake Carol, NM 77488"
899,Christopher Wallace,"0322 Dylan Ways Suite 073
Port Victoriaville, WV 84830"
900,Angel Pace DDS,"45805 Timothy Corner Apt. 778
New Jeffrey, UT 19927"
901,Christopher Bender,"9170 Jonathan Haven
Shanehaven, DC 64374"
902,Lindsay Lyons,"4464 Angela Knolls Apt. 563
Marvinshire, PR 82304"
903,Jamie Nguyen,"0873 Jonathan Prairie Suite 360
South Nicholas, NV 99853"
904,Kenneth Lee,"00851 Sarah Highway Suite 385
Annmouth, KY 21580"
905,Erik Stevenson,"6680 Hill Ramp
Jessicafurt, MH 77996"
906,Rebecca Moore,"084 Frazier Station Suite 393
New Michellemouth, GU 54645"
907,Sarah Miller,"Unit 4711 Box 4473
DPO AP 51838"
908,Jennifer Santos,"036 Benton Falls Apt. 101
Alejandraport, IN 87682"
909,Lauren Kemp,"0177 Short Spurs
North Richard, NV 13538"
910,John Wood,"8673 Crawford Stravenue
Lake Andrewtown, MI 84477"
911,Paul Herrera DVM,"949 Mark Mountains
West Michaelfort, ME 02811"
912,Jean Williams,"Unit 0491 Box 1410
DPO AA 30859"
913,Raymond Santana,"7671 Nicholas Port Apt. 334
South Sergiofurt, VT 24228"
914,Laura Bailey,"3471 Tricia Port
Markton, ID 67035"
915,Danielle Reynolds,"USS Ochoa
FPO AP 38304"
916,Jennifer Walls,"PSC 7702, Box 0531
APO AE 93547"
917,Zachary Ashley,"7862 Kimberly Way Suite 839
Gonzalesview, KS 73374"
918,Amy Hill,"80897 Lisa Skyway
East Christopherstad, MD 01757"
919,Spencer Wheeler,"41329 Brady Run
New Michelle, PR 87808"
920,Christopher Harris MD,"2635 Kathryn Street
New Donald, ID 11064"
921,Glenn Taylor,"33478 Mayo Haven
Jenniferland, MN 84090"
922,Jonathan Baker,"433 Harris Circle
East Alicia, KY 48617"
923,Pamela Watson,"33839 Mendez Ford Suite 677
Sanchezhaven, NV 85099"
924,Raymond Good,"669 Jennifer Forge
North Larry, AZ 99720"
925,Michael Dixon,"02131 Chris Tunnel Suite 704
West Miamouth, MD 91242"
926,Matthew Patel,"72023 Wright Drives Suite 507
Michaelville, PW 87403"
927,Jose Shaffer,"6405 Craig Trail
South Michael, GA 15112"
928,Shelley Foley,"87623 Joanne Overpass
Port Tiffanyshire, WV 91938"
929,Kelly Reyes,"9645 Kim Land Suite 348
Catherinefurt, PA 86193"
930,Meghan Garrett,"99651 Hughes Creek
Christinatown, NJ 99443"
931,Matthew Nguyen,"14870 Shelley Island Apt. 709
Ambertown, KS 24137"
932,Melissa White,"04228 Justin Road
Robertfurt, PW 24436"
933,Francisco Ferguson,"062 Sanchez Brooks
Patrickchester, RI 64306"
934,Michelle Gilbert PhD,"2427 Laura Park
Lake Kevin, IA 03642"
935,Timothy Lee,"876 Miller Manor
Ashleymouth, WV 38802"
936,Leonard Evans,"246 Allen Flats
Jessicamouth, IL 96013"
937,Warren Martinez,"03171 Moody Causeway Suite 762
East Timothy, DE 47091"
938,Thomas Murray,"5423 Mary Rapids Apt. 070
Josephmouth, KS 72338"
939,Ruben Lozano,"088 Oliver Ridges Apt. 062
Samuelside, PW 53342"
940,Kelly Clark,"5341 Michelle Plaza Apt. 631
Lake Davidburgh, IN 45128"
941,Thomas Martin,"8238 Jonathan Ridges
Lisastad, ME 45076"
942,Bradley Young,"005 Holloway Track Suite 831
West Colinville, OH 61686"
943,William Guzman,"406 Campbell Isle Apt. 470
North Larrytown, VA 42764"
944,Savannah Watkins,"3285 Burns Port Apt. 476
Dylanland, PR 21818"
945,Donna Benjamin,"347 Brian Landing Suite 850
Pollardhaven, KY 39494"
946,Joseph Perez,"Unit 4455 Box 9772
DPO AA 29097"
947,Colleen Perkins,"1256 Mitchell Vista
North Chelsea, GA 62595"
948,Jacob Harrington,"998 Jennifer Lake Suite 584
Saramouth, MA 58584"
949,Debra Webb,"400 Hunter Inlet
East Lisaland, CT 10982"
950,Sydney Pennington,"938 Gloria Court Suite 038
East Destinyshire, IL 02772"
951,William Pratt,"Unit 8383 Box 2892
DPO AE 18878"
952,James Brown,"5530 Marissa Park
Williamshire, WA 44644"
953,Abigail Murray,"9882 Emily Groves
South Jenniferchester, VA 66144"
954,Mr. Terry Jones,"26614 Harris Fields
Brownville, KS 32008"
955,Monica Munoz,"964 Anthony Light Apt. 746
South Justinchester, AR 55159"
956,Robert Atkins,"23301 Thomas Ports
Raymondborough, NV 39681"
957,Jessica Freeman,"610 Yvette Dale
North Brittanystad, ID 97330"
958,Sarah Haynes,"47725 Anthony Rapid
Boyerstad, LA 72108"
959,Mr. Walter Brandt,"16275 Alexis Canyon
South Molly, FL 39491"
960,Steven Cruz,"396 Michael Circle Apt. 318
West Michelleborough, NJ 50005"
961,Paul Munoz,"USCGC Obrien
FPO AP 45437"
962,Kristine Harmon,"9049 Benjamin Key
South Anna, LA 73502"
963,Jordan May,"44776 Stanley Ferry Apt. 214
Teresaside, MN 43720"
964,Katherine Sanders,"Unit 9192 Box 9921
DPO AE 27347"
965,Dr. Andrew Matthews,"77875 Emily Wall
East Sharon, AZ 18987"
966,Parker Suarez,"440 Wilson Dale Suite 550
Port Jordan, NC 01712"
967,Brian Carson,"96321 Cathy Union Suite 466
Johnsonhaven, NH 19547"
968,Mary Hamilton,"0092 Martin Coves
East Elizabeth, HI 45940"
969,Richard Castaneda,"07359 Anderson Junction
Port David, KS 25750"
970,James Johnson,"7973 Carlos Road Suite 476
West Rodneyborough, OH 28105"
971,Dr. Howard Wood,"85377 Edward Ramp
West Brian, VA 51633"
972,John Gray,"5195 Dawson Knolls
Lake Frederick, MN 27312"
973,Travis Romero,"3700 Jenkins Mission
South Theresa, IN 79621"
974,Vanessa Morgan,"8865 Frank Causeway Apt. 426
Robynport, MS 44231"
975,Angela Garcia,"4949 Davis Fork Suite 105
Hammondhaven, WY 66166"
976,Matthew Kelly,"7879 Melendez Stravenue
Martinton, OH 14063"
977,Jesse Brennan,"100 Burke Shoals
Duranfurt, MD 53492"
978,Omar Romero,"0657 Smith Rapids Suite 274
Port Steven, IL 85380"
979,Nicholas Smith,"36046 Brown Mountains
Teresaton, AZ 99436"
980,Patrick Jones,"6980 Cannon Forest Apt. 803
East Nicole, AL 80903"
981,Nathan Hawkins,"07309 Kayla Shore
Heatherfurt, TN 38396"
982,Heather Griffin,"821 Elizabeth Mountain Apt. 507
Dawnhaven, MS 05956"
983,Ashley King,"0531 Marc Ranch Apt. 637
Manuelton, OR 89774"
984,Tracy Brown,"96642 Kelly Club
Jenniferfurt, AZ 03160"
985,Marcus Anderson,"282 Amy Walks Suite 659
North Jamie, SD 17047"
986,Laura Combs,"817 Vincent Tunnel Apt. 399
New Annabury, GU 25892"
987,Charles Roberts,"469 Decker Branch
Millston, DC 19791"
988,Andrew Pierce,"1101 Elizabeth Common
Port Patrickhaven, MH 88343"
989,Melissa Johnson,"036 Rivera Shore Suite 002
Nicoleshire, MA 36554"
990,Jessica Stevenson,"84224 Gill Flat
Lake Valerieborough, NH 85304"
991,Anthony Anderson,"945 Jones Stravenue Apt. 758
Theresabury, GA 57959"
992,Stacey Riley,"57722 Russell River Suite 992
Bautistaburgh, FM 06829"
993,Mark Jacobs,"5420 Daniel Mountains Apt. 288
Cardenastown, NM 08985"
994,David Hicks,"4072 Jonathan Corners Suite 480
Port Kirstenview, NJ 55937"
995,Stanley Lopez,"825 Heather Ridges
Robertton, PW 76115"
996,Christopher Burke,"PSC 6912, Box 1533
APO AP 65022"
997,William Parker,"94438 Green Street Suite 007
Jennashire, DE 97847"
998,Debra Young,"3810 Beth Walks Apt. 777
New Jennifer, SC 09127"
999,John Harrison,"88108 Wells Road Suite 285
West Andrew, MS 13681"
